network_number,mangal_taxon_name,mangal_species_name,mangal_node_id,CONSENSUS_NAME,DROP
10,Ablabesmyia,Ablabesmyia sp. (Chironomidae - Diptera),14163,Ablabesmyia,FALSE
11,Ablabesmyia,Ablabesmyia sp. (Chironomidae - Diptera),14213,Ablabesmyia,FALSE
12,Ablabesmyia,Ablabesmyia sp. (Chironomidae - Diptera),14264,Ablabesmyia,FALSE
7,Acruroperla atra,Acruroperla atra (Pisces - Austroperlidae),14071,Acruroperla atra,FALSE
8,Acruroperla atra,Acruroperla atra (Pisces - Austroperlidae),14102,Acruroperla atra,FALSE
9,Acruroperla atra,Acruroperla atra (Pisces - Austroperlidae),14131,Acruroperla atra,FALSE
10,Acruroperla atra,Acruroperla atra (Pisces - Austroperlidae),14172,Acruroperla atra,FALSE
11,Acruroperla atra,Acruroperla atra (Pisces - Austroperlidae),14222,Acruroperla atra,FALSE
12,Acruroperla atra,Acruroperla atra (Pisces - Austroperlidae),14273,Acruroperla atra,FALSE
8,Afrochiltonia australis,Afrochiltonia australis (Crustacea - Amphipoda),14106,Afrochiltonia australis,FALSE
9,Afrochiltonia australis,Afrochiltonia australis (Crustacea - Amphipoda),14134,Afrochiltonia australis,FALSE
10,Afrochiltonia australis,Afrochiltonia australis (Crustacea - Amphipoda),14178,Afrochiltonia australis,FALSE
11,Afrochiltonia australis,Afrochiltonia australis (Crustacea - Amphipoda),14229,Afrochiltonia australis,FALSE
12,Afrochiltonia australis,Afrochiltonia australis (Crustacea - Amphipoda),14279,Afrochiltonia australis,FALSE
4,,Agapetus kimminsii (Trichoptera - Glossomatidae),13983,Agapetus kimminsii,FALSE
6,,Agapetus kimminsii (Trichoptera - Glossomatidae),14035,Agapetus kimminsii,FALSE
7,,Agapetus kimminsii (Trichoptera - Glossomatidae),14066,Agapetus kimminsii,FALSE
8,,Agapetus kimminsii (Trichoptera - Glossomatidae),14097,Agapetus kimminsii,FALSE
9,,Agapetus kimminsii (Trichoptera - Glossomatidae),14128,Agapetus kimminsii,FALSE
1,Archanara algae,Algae spp.,13926,Archanara algae,FALSE
2,Archanara algae,Algae spp.,13946,Archanara algae,FALSE
3,Archanara algae,Algae spp.,13969,Archanara algae,FALSE
4,Archanara algae,Algae spp.,13993,Archanara algae,FALSE
5,Archanara algae,Algae spp.,14018,Archanara algae,FALSE
6,Archanara algae,Algae spp.,14046,Archanara algae,FALSE
7,Archanara algae,Algae spp.,14081,Archanara algae,FALSE
8,Archanara algae,Algae spp.,14112,Archanara algae,FALSE
9,Archanara algae,Algae spp.,14140,Archanara algae,FALSE
10,Archanara algae,Algae spp.,14186,Archanara algae,FALSE
11,Archanara algae,Algae spp.,14237,Archanara algae,FALSE
12,Archanara algae,Algae spp.,14287,Archanara algae,FALSE
1,,Amorphous detritus,13921,,TRUE
2,,Amorphous detritus,13941,,TRUE
3,,Amorphous detritus,13964,,TRUE
4,,Amorphous detritus,13991,,TRUE
5,,Amorphous detritus,14016,,TRUE
6,,Amorphous detritus,14044,,TRUE
7,,Amorphous detritus,14076,,TRUE
8,,Amorphous detritus,14107,,TRUE
9,,Amorphous detritus,14135,,TRUE
10,,Amorphous detritus,14181,,TRUE
11,,Amorphous detritus,14232,,TRUE
12,,Amorphous detritus,14282,,TRUE
1,,Angrobia sp. (Mollusca - Gastropoda),13910,Angrobia,FALSE
2,,Angrobia sp. (Mollusca - Gastropoda),13930,Angrobia,FALSE
3,,Angrobia sp. (Mollusca - Gastropoda),13951,Angrobia,FALSE
7,,Angrobia sp. (Mollusca - Gastropoda),14054,Angrobia,FALSE
8,,Angrobia sp. (Mollusca - Gastropoda),14086,Angrobia,FALSE
9,,Angrobia sp. (Mollusca - Gastropoda),14117,Angrobia,FALSE
10,,Angrobia sp. (Mollusca - Gastropoda),14146,Angrobia,FALSE
11,,Angrobia sp. (Mollusca - Gastropoda),14195,Angrobia,FALSE
12,,Angrobia sp. (Mollusca - Gastropoda),14247,Angrobia,FALSE
10,Apsilochorema,Apsilochorema sp. (Trichoptera - Hydrobiosidae),14169,Apsilochorema,FALSE
11,Apsilochorema,Apsilochorema sp. (Trichoptera - Hydrobiosidae),14219,Apsilochorema,FALSE
12,Apsilochorema,Apsilochorema sp. (Trichoptera - Hydrobiosidae),14270,Apsilochorema,FALSE
7,,Austrocerca tillyardi (Pisces - Gripopterygidae),14070,Austrocerca tillyardi,FALSE
8,,Austrocerca tillyardi (Pisces - Gripopterygidae),14101,Austrocerca tillyardi,FALSE
9,,Austrocerca tillyardi (Pisces - Gripopterygidae),14130,Austrocerca tillyardi,FALSE
4,Austrosimulium,Austrosimulium sp. (Diptera - Chironomidae),13979,Austrosimulium,FALSE
5,Austrosimulium,Austrosimulium sp. (Diptera - Chironomidae),14005,Austrosimulium,FALSE
6,Austrosimulium,Austrosimulium sp. (Diptera - Chironomidae),14031,Austrosimulium,FALSE
10,Brillia,Brillia sp. (Chironomidae - Diptera),14159,Brillia,FALSE
11,Brillia,Brillia sp. (Chironomidae - Diptera),14209,Brillia,FALSE
12,Brillia,Brillia sp. (Chironomidae - Diptera),14260,Brillia,FALSE
7,Chironomidae,Chironomidae sp. (Chironomidae - Diptera),14063,Chironomidae,FALSE
8,Chironomidae,Chironomidae sp. (Chironomidae - Diptera),14094,Chironomidae,FALSE
9,Chironomidae,Chironomidae sp. (Chironomidae - Diptera),14125,Chironomidae,FALSE
10,Chironomidae,Chironomidae sp. (Chironomidae - Diptera),14156,Chironomidae,FALSE
11,Chironomidae,Chironomidae sp. (Chironomidae - Diptera),14207,Chironomidae,FALSE
12,Chironomidae,Chironomidae sp. (Chironomidae - Diptera),14259,Chironomidae,FALSE
1,Chironomus,Chironomus sp. (Diptera - Chironomidae),13912,Chironomus,FALSE
2,Chironomus,Chironomus sp. (Diptera - Chironomidae),13933,Chironomus,FALSE
3,Chironomus,Chironomus sp. (Diptera - Chironomidae),13953,Chironomus,FALSE
4,Chironomus,Chironomus sp. (Diptera - Chironomidae),13976,Chironomus,FALSE
6,Chironomus,Chironomus sp. (Diptera - Chironomidae),14028,Chironomus,FALSE
4,Coelopynia,Coelopynia sp. (Diptera - Chironomidae),13977,Coelopynia,FALSE
5,Coelopynia,Coelopynia sp. (Diptera - Chironomidae),14003,Coelopynia,FALSE
6,Coelopynia,Coelopynia sp. (Diptera - Chironomidae),14029,Coelopynia,FALSE
7,,Cricotopus annuliventrus (Diptera - Chironomidae),14059,Cricotopus annuliventrus,FALSE
8,,Cricotopus annuliventrus (Diptera - Chironomidae),14091,Cricotopus annuliventrus,FALSE
9,,Cricotopus annuliventrus (Diptera - Chironomidae),14122,Cricotopus annuliventrus,FALSE
10,,Cricotopus annuliventrus (Diptera - Chironomidae),14149,Cricotopus annuliventrus,FALSE
11,,Cricotopus annuliventrus (Diptera - Chironomidae),14200,Cricotopus annuliventrus,FALSE
12,,Cricotopus annuliventrus (Diptera - Chironomidae),14252,Cricotopus annuliventrus,FALSE
1,,Dead cellular plant material,13922,,TRUE
2,,Dead cellular plant material,13942,,TRUE
3,,Dead cellular plant material,13965,,TRUE
4,,Dead cellular plant material,13992,,TRUE
5,,Dead cellular plant material,14017,,TRUE
6,,Dead cellular plant material,14045,,TRUE
7,,Dead cellular plant material,14077,,TRUE
8,,Dead cellular plant material,14108,,TRUE
9,,Dead cellular plant material,14136,,TRUE
10,,Dead cellular plant material,14182,,TRUE
11,,Dead cellular plant material,14233,,TRUE
12,,Dead cellular plant material,14283,,TRUE
7,Dinotoperla serricauda,Dinotoperla serricauda (Pisces - Gripopterygidae),14072,Dinotoperla serricauda,FALSE
8,Dinotoperla serricauda,Dinotoperla serricauda (Pisces - Gripopterygidae),14103,Dinotoperla serricauda,FALSE
9,Dinotoperla serricauda,Dinotoperla serricauda (Pisces - Gripopterygidae),14132,Dinotoperla serricauda,FALSE
10,Dinotoperla,Dinotoperla sp. (Pisces - Gripopterygidae),14173,Dinotoperla,FALSE
11,Dinotoperla,Dinotoperla sp. (Pisces - Gripopterygidae),14223,Dinotoperla,FALSE
12,Dinotoperla,Dinotoperla sp. (Pisces - Gripopterygidae),14274,Dinotoperla,FALSE
10,Ecnomus russellius,Ecnomus russellius (Trichoptera - Ecnomidae),14167,Ecnomus russellius,FALSE
11,Ecnomus russellius,Ecnomus russellius (Trichoptera - Ecnomidae),14217,Ecnomus russellius,FALSE
12,Ecnomus russellius,Ecnomus russellius (Trichoptera - Ecnomidae),14268,Ecnomus russellius,FALSE
10,Empididae,Empididae sp. 1 (Diptera),14187,Empididae,FALSE
11,Empididae,Empididae sp. 1 (Diptera),14240,Empididae,FALSE
12,Empididae,Empididae sp. 1 (Diptera),14291,Empididae,FALSE
1,Eucyclops,Eucyclops sp. (Copepoda),13919,Eucyclops,FALSE
3,Eucyclops,Eucyclops sp. (Copepoda),13961,Eucyclops,FALSE
4,Eucyclops,Eucyclops sp. (Copepoda),13988,Eucyclops,FALSE
5,Eucyclops,Eucyclops sp. (Copepoda),14013,Eucyclops,FALSE
6,Eucyclops,Eucyclops sp. (Copepoda),14041,Eucyclops,FALSE
10,Eucyclops,Eucyclops sp. (Copepoda),14175,Eucyclops,FALSE
11,Eucyclops,Eucyclops sp. (Copepoda),14226,Eucyclops,FALSE
12,Eucyclops,Eucyclops sp. (Copepoda),14276,Eucyclops,FALSE
10,Eukiefferiella,Eukiefferiella sp. (Chironomidae - Diptera),14158,Eukiefferiella,FALSE
11,Eukiefferiella,Eukiefferiella sp. (Chironomidae - Diptera),14239,Eukiefferiella,FALSE
12,Eukiefferiella,Eukiefferiella sp. (Chironomidae - Diptera),14290,Eukiefferiella,FALSE
1,Ferrissia,Ferrissia sp. (Mollusca - Gastropoda),13909,Ferrissia,FALSE
10,Ferrissia,Ferrissia sp. (Mollusca - Gastropoda),14145,Ferrissia,FALSE
11,Ferrissia,Ferrissia sp. (Mollusca - Gastropoda),14194,Ferrissia,FALSE
12,Ferrissia,Ferrissia sp. (Mollusca - Gastropoda),14246,Ferrissia,FALSE
4,,Fungi,13997,,TRUE
5,,Fungi,14022,,TRUE
6,,Fungi,14050,,TRUE
3,Galaxias olidus,Galaxias olidus (Pisces - Galaxidae),13963,Galaxias olidus,FALSE
10,Galaxias olidus,Galaxias olidus (Pisces - Galaxidae),14180,Galaxias olidus,FALSE
11,Galaxias olidus,Galaxias olidus (Pisces - Galaxidae),14231,Galaxias olidus,FALSE
12,Galaxias olidus,Galaxias olidus (Pisces - Galaxidae),14281,Galaxias olidus,FALSE
4,Glacidorbis hedleyi,Glacidorbis hedleyi (Mollusca - Gastropoda),13975,Glacidorbis hedleyi,FALSE
5,Glacidorbis hedleyi,Glacidorbis hedleyi (Mollusca - Gastropoda),14002,Glacidorbis hedleyi,FALSE
6,Glacidorbis hedleyi,Glacidorbis hedleyi (Mollusca - Gastropoda),14027,Glacidorbis hedleyi,FALSE
7,Glacidorbis hedleyi,Glacidorbis hedleyi (Mollusca - Gastropoda),14055,Glacidorbis hedleyi,FALSE
8,Glacidorbis hedleyi,Glacidorbis hedleyi (Mollusca - Gastropoda),14087,Glacidorbis hedleyi,FALSE
9,Glacidorbis hedleyi,Glacidorbis hedleyi (Mollusca - Gastropoda),14118,Glacidorbis hedleyi,FALSE
1,Helicopsychidae,Helicopsychidae sp. (Trichoptera),13917,Helicopsychidae,FALSE
2,Helicopsychidae,Helicopsychidae sp. (Trichoptera),13937,Helicopsychidae,FALSE
10,Helicopsychidae,Helicopsychidae sp. (Trichoptera),14165,Helicopsychidae,FALSE
11,Helicopsychidae,Helicopsychidae sp. (Trichoptera),14215,Helicopsychidae,FALSE
12,Helicopsychidae,Helicopsychidae sp. (Trichoptera),14266,Helicopsychidae,FALSE
10,Hydra,Hydra sp.,14141,Hydra,FALSE
11,Hydra,Hydra sp.,14190,Hydra,FALSE
12,Hydra,Hydra sp.,14242,Hydra,FALSE
4,Illiesoperla australis,Illiesoperla australis (Pisces - Glossomatidae),13986,Illiesoperla australis,FALSE
5,Illiesoperla australis,Illiesoperla australis (Pisces - Glossomatidae),14011,Illiesoperla australis,FALSE
6,Illiesoperla australis,Illiesoperla australis (Pisces - Glossomatidae),14039,Illiesoperla australis,FALSE
7,Illiesoperla australis,Illiesoperla australis (Pisces - Glossomatidae),14069,Illiesoperla australis,FALSE
8,Illiesoperla australis,Illiesoperla australis (Pisces - Glossomatidae),14100,Illiesoperla australis,FALSE
4,Ilyocypris australiensis,Ilyocypris australiensis (Crustacea - Ostracoda),13990,Ilyocypris australiensis,FALSE
5,Ilyocypris australiensis,Ilyocypris australiensis (Crustacea - Ostracoda),14015,Ilyocypris australiensis,FALSE
6,Ilyocypris australiensis,Ilyocypris australiensis (Crustacea - Ostracoda),14043,Ilyocypris australiensis,FALSE
8,Ilyocypris australiensis,Ilyocypris australiensis (Crustacea - Ostracoda),14105,Ilyocypris australiensis,FALSE
9,Ilyocypris australiensis,Ilyocypris australiensis (Crustacea - Ostracoda),14133,Ilyocypris australiensis,FALSE
10,Ilyocypris australiensis,Ilyocypris australiensis (Crustacea - Ostracoda),14177,Ilyocypris australiensis,FALSE
11,Ilyocypris australiensis,Ilyocypris australiensis (Crustacea - Ostracoda),14228,Ilyocypris australiensis,FALSE
12,Ilyocypris australiensis,Ilyocypris australiensis (Crustacea - Ostracoda),14278,Ilyocypris australiensis,FALSE
4,,Koorononga pilosa (Ephemeroptera - Leptophlebiidae),13984,Koorononga pilosa,FALSE
5,,Koorononga pilosa (Ephemeroptera - Leptophlebiidae),14008,Koorononga pilosa,FALSE
6,,Koorononga pilosa (Ephemeroptera - Leptophlebiidae),14036,Koorononga pilosa,FALSE
7,,Koorononga pilosa (Ephemeroptera - Leptophlebiidae),14067,Koorononga pilosa,FALSE
8,,Koorononga pilosa (Ephemeroptera - Leptophlebiidae),14098,Koorononga pilosa,FALSE
9,,Koorononga pilosa (Ephemeroptera - Leptophlebiidae),14129,Koorononga pilosa,FALSE
10,,Koorononga pilosa (Ephemeroptera - Leptophlebiidae),14170,Koorononga pilosa,FALSE
11,,Koorononga pilosa (Ephemeroptera - Leptophlebiidae),14220,Koorononga pilosa,FALSE
12,,Koorononga pilosa (Ephemeroptera - Leptophlebiidae),14271,Koorononga pilosa,FALSE
10,Larsia,Larsia sp. (Chironomidae - Diptera),14162,Larsia,FALSE
11,Larsia,Larsia sp. (Chironomidae - Diptera),14212,Larsia,FALSE
12,Larsia,Larsia sp. (Chironomidae - Diptera),14263,Larsia,FALSE
5,Leptoperla bifida,Leptoperla bifida (Pisces - Gripopterygidae),14009,Leptoperla bifida,FALSE
6,Leptoperla bifida,Leptoperla bifida (Pisces - Gripopterygidae),14037,Leptoperla bifida,FALSE
10,Leptoperla bifida,Leptoperla bifida (Pisces - Gripopterygidae),14171,Leptoperla bifida,FALSE
11,Leptoperla bifida,Leptoperla bifida (Pisces - Gripopterygidae),14221,Leptoperla bifida,FALSE
12,Leptoperla bifida,Leptoperla bifida (Pisces - Gripopterygidae),14272,Leptoperla bifida,FALSE
2,Leptorussa darlingtoni,Leptorussa darlingtoni (Trichoptera - Leptoceridae),13938,Leptorussa darlingtoni,FALSE
3,Leptorussa darlingtoni,Leptorussa darlingtoni (Trichoptera - Leptoceridae),13958,Leptorussa darlingtoni,FALSE
1,Lumbricidae,Lumbricidae sp. (Oligochaeta),13908,Lumbricidae,FALSE
2,Lumbricidae,Lumbricidae sp. (Oligochaeta),13929,Lumbricidae,FALSE
3,Lumbricidae,Lumbricidae sp. (Oligochaeta),13950,Lumbricidae,FALSE
4,Lumbricidae,Lumbricidae sp. (Oligochaeta),13973,Lumbricidae,FALSE
5,Lumbricidae,Lumbricidae sp. (Oligochaeta),14000,Lumbricidae,FALSE
6,Lumbricidae,Lumbricidae sp. (Oligochaeta),14025,Lumbricidae,FALSE
7,Lumbricidae,Lumbricidae sp. (Oligochaeta),14053,Lumbricidae,FALSE
8,Lumbricidae,Lumbricidae sp. (Oligochaeta),14085,Lumbricidae,FALSE
9,Lumbricidae,Lumbricidae sp. (Oligochaeta),14116,Lumbricidae,FALSE
10,Lumbricidae,Lumbricidae sp. (Oligochaeta),14144,Lumbricidae,FALSE
11,Lumbricidae,Lumbricidae sp. (Oligochaeta),14193,Lumbricidae,FALSE
12,Lumbricidae,Lumbricidae sp. (Oligochaeta),14245,Lumbricidae,FALSE
1,Macrocyclops albidus,Macrocyclops albidus (Copepoda),13920,Macrocyclops albidus,FALSE
3,Macrocyclops albidus,Macrocyclops albidus (Copepoda),13962,Macrocyclops albidus,FALSE
4,Macrocyclops albidus,Macrocyclops albidus (Copepoda),13989,Macrocyclops albidus,FALSE
5,Macrocyclops albidus,Macrocyclops albidus (Copepoda),14014,Macrocyclops albidus,FALSE
6,Macrocyclops albidus,Macrocyclops albidus (Copepoda),14042,Macrocyclops albidus,FALSE
7,Macrocyclops albidus,Macrocyclops albidus (Copepoda),14075,Macrocyclops albidus,FALSE
10,Macrocyclops albidus,Macrocyclops albidus (Copepoda),14176,Macrocyclops albidus,FALSE
11,Macrocyclops albidus,Macrocyclops albidus (Copepoda),14227,Macrocyclops albidus,FALSE
12,Macrocyclops albidus,Macrocyclops albidus (Copepoda),14277,Macrocyclops albidus,FALSE
2,Macrogyrus oblongus,Macrogyrus oblongus - adult (Chironomidae  - Gyrinidae),13940,Macrogyrus oblongus,FALSE
3,Macrogyrus oblongus,Macrogyrus oblongus - adult (Chironomidae  - Gyrinidae),13960,Macrogyrus oblongus,FALSE
7,Macrogyrus oblongus,Macrogyrus oblongus - adult (Chironomidae  - Gyrinidae),14074,Macrogyrus oblongus,FALSE
8,Macrogyrus oblongus,Macrogyrus oblongus - adult (Chironomidae  - Gyrinidae),14104,Macrogyrus oblongus,FALSE
11,Macrogyrus oblongus,Macrogyrus oblongus - adult (Chironomidae  - Gyrinidae),14225,Macrogyrus oblongus,FALSE
12,Macrogyrus oblongus,Macrogyrus oblongus - adult (Chironomidae  - Gyrinidae),14275,Macrogyrus oblongus,FALSE
10,Macrogyrus oblongus,Macrogyrus oblongus (Chironomidae  - Gyrinidae),14188,Macrogyrus oblongus,FALSE
11,Macrogyrus oblongus,Macrogyrus oblongus (Chironomidae  - Gyrinidae),14241,Macrogyrus oblongus,FALSE
12,Macrogyrus oblongus,Macrogyrus oblongus (Chironomidae  - Gyrinidae),14292,Macrogyrus oblongus,FALSE
1,Naididae,Naididae sp. (Oligochaeta),13907,Naididae,FALSE
2,Naididae,Naididae sp. (Oligochaeta),13928,Naididae,FALSE
3,Naididae,Naididae sp. (Oligochaeta),13949,Naididae,FALSE
4,Naididae,Naididae sp. (Oligochaeta),13972,Naididae,FALSE
5,Naididae,Naididae sp. (Oligochaeta),13999,Naididae,FALSE
6,Naididae,Naididae sp. (Oligochaeta),14024,Naididae,FALSE
7,Naididae,Naididae sp. (Oligochaeta),14052,Naididae,FALSE
8,Naididae,Naididae sp. (Oligochaeta),14084,Naididae,FALSE
9,Naididae,Naididae sp. (Oligochaeta),14115,Naididae,FALSE
10,Naididae,Naididae sp. (Oligochaeta),14143,Naididae,FALSE
11,Naididae,Naididae sp. (Oligochaeta),14192,Naididae,FALSE
12,Naididae,Naididae sp. (Oligochaeta),14244,Naididae,FALSE
1,Navicula,Navicula sp.,13925,Navicula,FALSE
2,Navicula,Navicula sp.,13945,Navicula,FALSE
3,Navicula,Navicula sp.,13968,Navicula,FALSE
4,Navicula,Navicula sp.,13996,Navicula,FALSE
5,Navicula,Navicula sp.,14021,Navicula,FALSE
6,Navicula,Navicula sp.,14049,Navicula,FALSE
7,Navicula,Navicula sp.,14080,Navicula,FALSE
8,Navicula,Navicula sp.,14111,Navicula,FALSE
9,Navicula,Navicula sp.,14139,Navicula,FALSE
10,Navicula,Navicula sp.,14185,Navicula,FALSE
11,Navicula,Navicula sp.,14236,Navicula,FALSE
12,Navicula,Navicula sp.,14286,Navicula,FALSE
1,,Necterosoma penicillatus - adult (Chironomidae - Dytiscidae),13918,Necterosoma penicillatus,FALSE
2,,Necterosoma penicillatus - adult (Chironomidae - Dytiscidae),13939,Necterosoma penicillatus,FALSE
3,,Necterosoma penicillatus - adult (Chironomidae - Dytiscidae),13959,Necterosoma penicillatus,FALSE
4,,Necterosoma penicillatus - adult (Chironomidae - Dytiscidae),13987,Necterosoma penicillatus,FALSE
5,,Necterosoma penicillatus - adult (Chironomidae - Dytiscidae),14012,Necterosoma penicillatus,FALSE
6,,Necterosoma penicillatus - adult (Chironomidae - Dytiscidae),14040,Necterosoma penicillatus,FALSE
7,,Necterosoma penicillatus - adult (Chironomidae - Dytiscidae),14073,Necterosoma penicillatus,FALSE
10,,Necterosoma penicillatus - adult (Chironomidae - Dytiscidae),14174,Necterosoma penicillatus,FALSE
11,,Necterosoma penicillatus - adult (Chironomidae - Dytiscidae),14224,Necterosoma penicillatus,FALSE
10,Halocladius,nr. Halocladius sp. (Diptera - Chironomidae),14154,Halocladius,FALSE
11,Halocladius,nr. Halocladius sp. (Diptera - Chironomidae),14205,Halocladius,FALSE
12,Halocladius,nr. Halocladius sp. (Diptera - Chironomidae),14257,Halocladius,FALSE
10,Oecetis,Oecetis sp. (Trichoptera - Leptoceridae),14168,Oecetis,FALSE
11,Oecetis,Oecetis sp. (Trichoptera - Leptoceridae),14218,Oecetis,FALSE
12,Oecetis,Oecetis sp. (Trichoptera - Leptoceridae),14269,Oecetis,FALSE
1,Orthocladiinae,Orthocladiinae sp. 1 (Chironomidae),13914,Orthocladiinae,FALSE
2,Orthocladiinae,Orthocladiinae sp. 1 (Chironomidae),13934,Orthocladiinae,FALSE
3,Orthocladiinae,Orthocladiinae sp. 1 (Chironomidae),13955,Orthocladiinae,FALSE
7,Orthocladiinae,Orthocladiinae sp. 8 (Chironomidae - Diptera),14064,Orthocladiinae,FALSE
8,Orthocladiinae,Orthocladiinae sp. 8 (Chironomidae - Diptera),14095,Orthocladiinae,FALSE
9,Orthocladiinae,Orthocladiinae sp. 8 (Chironomidae - Diptera),14126,Orthocladiinae,FALSE
7,Parakieferiella,Parakieferiella sp. (Diptera - Chironomidae),14061,Parakieferiella,FALSE
8,Parakieferiella,Parakieferiella sp. (Diptera - Chironomidae),14092,Parakieferiella,FALSE
9,Parakieferiella,Parakieferiella sp. (Diptera - Chironomidae),14123,Parakieferiella,FALSE
10,Parakieferiella,Parakieferiella sp. (Diptera - Chironomidae),14151,Parakieferiella,FALSE
11,Parakieferiella,Parakieferiella sp. (Diptera - Chironomidae),14202,Parakieferiella,FALSE
12,Parakieferiella,Parakieferiella sp. (Diptera - Chironomidae),14254,Parakieferiella,FALSE
1,Paramerina,Paramerina sp. (Diptera - Chironomidae),13913,Paramerina,FALSE
3,Paramerina,Paramerina sp. (Diptera - Chironomidae),13954,Paramerina,FALSE
7,Paramerina,Paramerina sp. (Diptera - Chironomidae),14057,Paramerina,FALSE
8,Paramerina,Paramerina sp. (Diptera - Chironomidae),14089,Paramerina,FALSE
9,Paramerina,Paramerina sp. (Diptera - Chironomidae),14120,Paramerina,FALSE
10,Paramerina,Paramerina sp. (Diptera - Chironomidae),14147,Paramerina,FALSE
11,Paramerina,Paramerina sp. (Diptera - Chironomidae),14198,Paramerina,FALSE
12,Paramerina,Paramerina sp. (Diptera - Chironomidae),14250,Paramerina,FALSE
1,Physastra gibbosa,Physastra gibbosa (Mollusca - Gastropoda),13911,Physastra gibbosa,FALSE
2,Physastra gibbosa,Physastra gibbosa (Mollusca - Gastropoda),13931,Physastra gibbosa,FALSE
4,Physastra gibbosa,Physastra gibbosa (Mollusca - Gastropoda),13974,Physastra gibbosa,FALSE
5,Physastra gibbosa,Physastra gibbosa (Mollusca - Gastropoda),14001,Physastra gibbosa,FALSE
6,Physastra gibbosa,Physastra gibbosa (Mollusca - Gastropoda),14026,Physastra gibbosa,FALSE
11,Physastra gibbosa,Physastra gibbosa (Mollusca - Gastropoda),14196,Physastra gibbosa,FALSE
12,Physastra gibbosa,Physastra gibbosa (Mollusca - Gastropoda),14248,Physastra gibbosa,FALSE
10,Pleuroxus,Pleuroxus sp. (Crustacea - Cladocera),14179,Pleuroxus,FALSE
11,Pleuroxus,Pleuroxus sp. (Crustacea - Cladocera),14230,Pleuroxus,FALSE
12,Pleuroxus,Pleuroxus sp. (Crustacea - Cladocera),14280,Pleuroxus,FALSE
10,Polypedilum,Polypedilum sp. (Chironomidae - Diptera),14161,Polypedilum,FALSE
11,Polypedilum,Polypedilum sp. (Chironomidae - Diptera),14211,Polypedilum,FALSE
12,Polypedilum,Polypedilum sp. (Chironomidae - Diptera),14262,Polypedilum,FALSE
7,Rheotanytarsus,Rheotanytarsus sp. (Diptera - Chironomidae),14060,Rheotanytarsus,FALSE
10,Rheotanytarsus,Rheotanytarsus sp. (Diptera - Chironomidae),14150,Rheotanytarsus,FALSE
11,Rheotanytarsus,Rheotanytarsus sp. (Diptera - Chironomidae),14201,Rheotanytarsus,FALSE
12,Rheotanytarsus,Rheotanytarsus sp. (Diptera - Chironomidae),14253,Rheotanytarsus,FALSE
4,Riekoperla rugosa,Riekoperla rugosa (Pisces - Glossomatidae),13985,Riekoperla rugosa,FALSE
5,Riekoperla rugosa,Riekoperla rugosa (Pisces - Glossomatidae),14010,Riekoperla rugosa,FALSE
6,Riekoperla rugosa,Riekoperla rugosa (Pisces - Glossomatidae),14038,Riekoperla rugosa,FALSE
7,Riekoperla rugosa,Riekoperla rugosa (Pisces - Glossomatidae),14068,Riekoperla rugosa,FALSE
8,Riekoperla rugosa,Riekoperla rugosa (Pisces - Glossomatidae),14099,Riekoperla rugosa,FALSE
4,Riethia,Riethia sp. (Diptera - Chironomidae),13978,Riethia,FALSE
5,Riethia,Riethia sp. (Diptera - Chironomidae),14004,Riethia,FALSE
6,Riethia,Riethia sp. (Diptera - Chironomidae),14030,Riethia,FALSE
7,Riethia,Riethia sp. (Diptera - Chironomidae),14058,Riethia,FALSE
8,Riethia,Riethia sp. (Diptera - Chironomidae),14090,Riethia,FALSE
9,Riethia,Riethia sp. (Diptera - Chironomidae),14121,Riethia,FALSE
10,Riethia,Riethia sp. (Diptera - Chironomidae),14148,Riethia,FALSE
11,Riethia,Riethia sp. (Diptera - Chironomidae),14199,Riethia,FALSE
12,Riethia,Riethia sp. (Diptera - Chironomidae),14251,Riethia,FALSE
2,Sphaerium tasmanicum,Sphaerium tasmanicum (Mollusca - Bivalvia),13932,Sphaerium tasmanicum,FALSE
3,Sphaerium tasmanicum,Sphaerium tasmanicum (Mollusca - Bivalvia),13952,Sphaerium tasmanicum,FALSE
7,Sphaerium tasmanicum,Sphaerium tasmanicum (Mollusca - Bivalvia),14056,Sphaerium tasmanicum,FALSE
8,Sphaerium tasmanicum,Sphaerium tasmanicum (Mollusca - Bivalvia),14088,Sphaerium tasmanicum,FALSE
9,Sphaerium tasmanicum,Sphaerium tasmanicum (Mollusca - Bivalvia),14119,Sphaerium tasmanicum,FALSE
11,Sphaerium tasmanicum,Sphaerium tasmanicum (Mollusca - Bivalvia),14197,Sphaerium tasmanicum,FALSE
12,Sphaerium tasmanicum,Sphaerium tasmanicum (Mollusca - Bivalvia),14249,Sphaerium tasmanicum,FALSE
10,Stempellina,Stempellina sp. (Diptera - Chironomidae),14155,Stempellina,FALSE
11,Stempellina,Stempellina sp. (Diptera - Chironomidae),14206,Stempellina,FALSE
12,Stempellina,Stempellina sp. (Diptera - Chironomidae),14258,Stempellina,FALSE
1,Tabellaria,Tabellaria sp.,13924,Tabellaria,FALSE
2,Tabellaria,Tabellaria sp.,13944,Tabellaria,FALSE
3,Tabellaria,Tabellaria sp.,13967,Tabellaria,FALSE
4,Tabellaria,Tabellaria sp.,13995,Tabellaria,FALSE
5,Tabellaria,Tabellaria sp.,14020,Tabellaria,FALSE
6,Tabellaria,Tabellaria sp.,14048,Tabellaria,FALSE
7,Tabellaria,Tabellaria sp.,14079,Tabellaria,FALSE
8,Tabellaria,Tabellaria sp.,14110,Tabellaria,FALSE
9,Tabellaria,Tabellaria sp.,14138,Tabellaria,FALSE
10,Tabellaria,Tabellaria sp.,14184,Tabellaria,FALSE
11,Tabellaria,Tabellaria sp.,14235,Tabellaria,FALSE
12,Tabellaria,Tabellaria sp.,14285,Tabellaria,FALSE
7,Tanypod,Tanypod sp. (Chironomidae - Diptera),14065,Tanypod,FALSE
8,Tanypod,Tanypod sp. (Chironomidae - Diptera),14096,Tanypod,FALSE
9,Tanypod,Tanypod sp. (Chironomidae - Diptera),14127,Tanypod,FALSE
10,Tanypod,Tanypod sp. (Chironomidae - Diptera),14157,Tanypod,FALSE
11,Tanypod,Tanypod sp. (Chironomidae - Diptera),14208,Tanypod,FALSE
12,Tanypod,Tanypod sp. (Chironomidae - Diptera),14288,Tanypod,FALSE
10,,Tanytarsus inextensus (Diptera - Chironomidae),14153,Tanytarsus inextensus,FALSE
11,,Tanytarsus inextensus (Diptera - Chironomidae),14204,Tanytarsus inextensus,FALSE
12,,Tanytarsus inextensus (Diptera - Chironomidae),14256,Tanytarsus inextensus,FALSE
10,,Tasmasia acuta (Trichoptera - Calocidae),14166,Tasmasia acuta,FALSE
11,,Tasmasia acuta (Trichoptera - Calocidae),14216,Tasmasia acuta,FALSE
12,,Tasmasia acuta (Trichoptera - Calocidae),14267,Tasmasia acuta,FALSE
2,,Terrestrial insects,13947,,TRUE
3,,Terrestrial insects,13970,,TRUE
7,,Terrestrial insects,14082,,TRUE
8,,Terrestrial insects,14113,,TRUE
10,,Terrestrial insects,14189,,TRUE
11,,Terrestrial insects,14238,,TRUE
12,,Terrestrial insects,14289,,TRUE
1,Tetraedron,Tetraedron sp.,13923,Tetraedron,FALSE
2,Tetraedron,Tetraedron sp.,13943,Tetraedron,FALSE
3,Tetraedron,Tetraedron sp.,13966,Tetraedron,FALSE
4,Tetraedron,Tetraedron sp.,13994,Tetraedron,FALSE
5,Tetraedron,Tetraedron sp.,14019,Tetraedron,FALSE
6,Tetraedron,Tetraedron sp.,14047,Tetraedron,FALSE
7,Tetraedron,Tetraedron sp.,14078,Tetraedron,FALSE
8,Tetraedron,Tetraedron sp.,14109,Tetraedron,FALSE
9,Tetraedron,Tetraedron sp.,14137,Tetraedron,FALSE
10,Tetraedron,Tetraedron sp.,14183,Tetraedron,FALSE
11,Tetraedron,Tetraedron sp.,14234,Tetraedron,FALSE
12,Tetraedron,Tetraedron sp.,14284,Tetraedron,FALSE
7,,Thienmaniella trivittata (Diptera - Chironomidae),14062,Thienmaniella trivittata,FALSE
8,,Thienmaniella trivittata (Diptera - Chironomidae),14093,Thienmaniella trivittata,FALSE
9,,Thienmaniella trivittata (Diptera - Chironomidae),14124,Thienmaniella trivittata,FALSE
10,,Thienmaniella trivittata (Diptera - Chironomidae),14152,Thienmaniella trivittata,FALSE
11,,Thienmaniella trivittata (Diptera - Chironomidae),14203,Thienmaniella trivittata,FALSE
12,,Thienmaniella trivittata (Diptera - Chironomidae),14255,Thienmaniella trivittata,FALSE
10,Tipulid,Tipulid sp. (Chironomidae - Diptera),14160,Tipulid,FALSE
11,Tipulid,Tipulid sp. (Chironomidae - Diptera),14210,Tipulid,FALSE
12,Tipulid,Tipulid sp. (Chironomidae - Diptera),14261,Tipulid,FALSE
4,Tipulidae,Tipulidae sp. 1 (Diptera),13980,Tipulidae,FALSE
6,Tipulidae,Tipulidae sp. 1 (Diptera),14032,Tipulidae,FALSE
4,Tipulidae,Tipulidae sp. 2 (Diptera),13981,Tipulidae,FALSE
5,Tipulidae,Tipulidae sp. 2 (Diptera),14006,Tipulidae,FALSE
6,Tipulidae,Tipulidae sp. 2 (Diptera),14033,Tipulidae,FALSE
1,,Triplectides ciuskeus (Trichoptera - Leptoceridae),13916,Triplectides ciuskeus,FALSE
2,,Triplectides ciuskeus (Trichoptera - Leptoceridae),13936,Triplectides ciuskeus,FALSE
3,,Triplectides ciuskeus (Trichoptera - Leptoceridae),13957,Triplectides ciuskeus,FALSE
1,Triplectides truncatus,Triplectides truncatus (Trichoptera - Leptoceridae),13915,Triplectides truncatus,FALSE
2,Triplectides truncatus,Triplectides truncatus (Trichoptera - Leptoceridae),13935,Triplectides truncatus,FALSE
3,Triplectides truncatus,Triplectides truncatus (Trichoptera - Leptoceridae),13956,Triplectides truncatus,FALSE
4,Triplectides truncatus,Triplectides truncatus (Trichoptera - Leptoceridae),13982,Triplectides truncatus,FALSE
5,Triplectides truncatus,Triplectides truncatus (Trichoptera - Leptoceridae),14007,Triplectides truncatus,FALSE
6,Triplectides truncatus,Triplectides truncatus (Trichoptera - Leptoceridae),14034,Triplectides truncatus,FALSE
10,Triplectides truncatus,Triplectides truncatus (Trichoptera - Leptoceridae),14164,Triplectides truncatus,FALSE
11,Triplectides truncatus,Triplectides truncatus (Trichoptera - Leptoceridae),14214,Triplectides truncatus,FALSE
12,Triplectides truncatus,Triplectides truncatus (Trichoptera - Leptoceridae),14265,Triplectides truncatus,FALSE
1,Tubificidae,Tubificidae sp. (Oligochaeta),13906,Tubificidae,FALSE
2,Tubificidae,Tubificidae sp. (Oligochaeta),13927,Tubificidae,FALSE
3,Tubificidae,Tubificidae sp. (Oligochaeta),13948,Tubificidae,FALSE
4,Tubificidae,Tubificidae sp. (Oligochaeta),13971,Tubificidae,FALSE
5,Tubificidae,Tubificidae sp. (Oligochaeta),13998,Tubificidae,FALSE
6,Tubificidae,Tubificidae sp. (Oligochaeta),14023,Tubificidae,FALSE
7,Tubificidae,Tubificidae sp. (Oligochaeta),14051,Tubificidae,FALSE
8,Tubificidae,Tubificidae sp. (Oligochaeta),14083,Tubificidae,FALSE
9,Tubificidae,Tubificidae sp. (Oligochaeta),14114,Tubificidae,FALSE
10,Tubificidae,Tubificidae sp. (Oligochaeta),14142,Tubificidae,FALSE
11,Tubificidae,Tubificidae sp. (Oligochaeta),14191,Tubificidae,FALSE
12,Tubificidae,Tubificidae sp. (Oligochaeta),14243,Tubificidae,FALSE