network_number,mangal_taxon_name,mangal_species_name,mangal_node_id,CONSENSUS_NAME,DROP
1,Amphiprion clarkii,Amphiprion clarkii,13411,Amphiprion clarkii,FALSE
2,Amphiprion clarkii,Amphiprion clarkii,13402,Amphiprion clarkii,FALSE
3,Amphiprion clarkii,Amphiprion clarkii,13416,Amphiprion clarkii,FALSE
4,Amphiprion clarkii,Amphiprion clarkii,13430,Amphiprion clarkii,FALSE
5,Amphiprion clarkii,Amphiprion clarkii,13467,Amphiprion clarkii,FALSE
7,Amphiprion clarkii,Amphiprion clarkii,13424,Amphiprion clarkii,FALSE
8,Amphiprion clarkii,Amphiprion clarkii,13459,Amphiprion clarkii,FALSE
9,Amphiprion clarkii,Amphiprion clarkii,13499,Amphiprion clarkii,FALSE
10,Amphiprion clarkii,Amphiprion clarkii,13507,Amphiprion clarkii,FALSE
11,Amphiprion clarkii,Amphiprion clarkii,13481,Amphiprion clarkii,FALSE
12,Amphiprion clarkii,Amphiprion clarkii,13490,Amphiprion clarkii,FALSE
13,Amphiprion clarkii,Amphiprion clarkii,13452,Amphiprion clarkii,FALSE
14,Amphiprion clarkii,Amphiprion clarkii,13517,Amphiprion clarkii,FALSE
15,Amphiprion clarkii,Amphiprion clarkii,13438,Amphiprion clarkii,FALSE
16,Amphiprion clarkii,Amphiprion clarkii,13445,Amphiprion clarkii,FALSE
7,Amphiprion melanopus,Amphiprion melanopus,13422,Amphiprion melanopus,FALSE
8,Amphiprion melanopus,Amphiprion melanopus,13460,Amphiprion melanopus,FALSE
9,Amphiprion melanopus,Amphiprion melanopus,13498,Amphiprion melanopus,FALSE
1,Amphiprion ocellaris,Amphiprion ocellaris,13409,Amphiprion ocellaris,FALSE
2,Amphiprion ocellaris,Amphiprion ocellaris,13405,Amphiprion ocellaris,FALSE
4,Amphiprion ocellaris,Amphiprion ocellaris,13432,Amphiprion ocellaris,FALSE
6,Amphiprion ocellaris,Amphiprion ocellaris,13475,Amphiprion ocellaris,FALSE
9,Amphiprion ocellaris,Amphiprion ocellaris,13501,Amphiprion ocellaris,FALSE
10,Amphiprion ocellaris,Amphiprion ocellaris,13510,Amphiprion ocellaris,FALSE
15,Amphiprion ocellaris,Amphiprion ocellaris,13440,Amphiprion ocellaris,FALSE
1,Amphiprion perideraion,Amphiprion perideraion,13410,Amphiprion perideraion,FALSE
2,Amphiprion perideraion,Amphiprion perideraion,13404,Amphiprion perideraion,FALSE
4,Amphiprion perideraion,Amphiprion perideraion,13431,Amphiprion perideraion,FALSE
5,Amphiprion perideraion,Amphiprion perideraion,13468,Amphiprion perideraion,FALSE
6,Amphiprion perideraion,Amphiprion perideraion,13474,Amphiprion perideraion,FALSE
7,Amphiprion perideraion,Amphiprion perideraion,13425,Amphiprion perideraion,FALSE
8,Amphiprion perideraion,Amphiprion perideraion,13462,Amphiprion perideraion,FALSE
9,Amphiprion perideraion,Amphiprion perideraion,13500,Amphiprion perideraion,FALSE
10,Amphiprion perideraion,Amphiprion perideraion,13509,Amphiprion perideraion,FALSE
11,Amphiprion perideraion,Amphiprion perideraion,13483,Amphiprion perideraion,FALSE
12,Amphiprion perideraion,Amphiprion perideraion,13491,Amphiprion perideraion,FALSE
13,Amphiprion perideraion,Amphiprion perideraion,13453,Amphiprion perideraion,FALSE
14,Amphiprion perideraion,Amphiprion perideraion,13518,Amphiprion perideraion,FALSE
15,Amphiprion perideraion,Amphiprion perideraion,13439,Amphiprion perideraion,FALSE
16,Amphiprion perideraion,Amphiprion perideraion,13446,Amphiprion perideraion,FALSE
6,Amphiprion polymnus,Amphiprion polymnus,13476,Amphiprion polymnus,FALSE
13,Amphiprion polymnus,Amphiprion polymnus,13454,Amphiprion polymnus,FALSE
1,Amphiprion sandaracinos,Amphiprion sandaracinos,13412,Amphiprion sandaracinos,FALSE
2,Amphiprion sandaracinos,Amphiprion sandaracinos,13406,Amphiprion sandaracinos,FALSE
3,Amphiprion sandaracinos,Amphiprion sandaracinos,13417,Amphiprion sandaracinos,FALSE
4,Amphiprion sandaracinos,Amphiprion sandaracinos,13433,Amphiprion sandaracinos,FALSE
7,Amphiprion sandaracinos,Amphiprion sandaracinos,13426,Amphiprion sandaracinos,FALSE
9,Amphiprion sandaracinos,Amphiprion sandaracinos,13502,Amphiprion sandaracinos,FALSE
10,Amphiprion sandaracinos,Amphiprion sandaracinos,13511,Amphiprion sandaracinos,FALSE
11,Amphiprion sandaracinos,Amphiprion sandaracinos,13484,Amphiprion sandaracinos,FALSE
12,Amphiprion sandaracinos,Amphiprion sandaracinos,13492,Amphiprion sandaracinos,FALSE
15,Amphiprion sandaracinos,Amphiprion sandaracinos,13441,Amphiprion sandaracinos,FALSE
2,Entacmaea quadricolor,Entacmaea quadricolor,13396,Entacmaea quadricolor,FALSE
5,Entacmaea quadricolor,Entacmaea quadricolor,13463,Entacmaea quadricolor,FALSE
6,Entacmaea quadricolor,Entacmaea quadricolor,13469,Entacmaea quadricolor,FALSE
7,Entacmaea quadricolor,Entacmaea quadricolor,13418,Entacmaea quadricolor,FALSE
8,Entacmaea quadricolor,Entacmaea quadricolor,13455,Entacmaea quadricolor,FALSE
9,Entacmaea quadricolor,Entacmaea quadricolor,13493,Entacmaea quadricolor,FALSE
10,Entacmaea quadricolor,Entacmaea quadricolor,13503,Entacmaea quadricolor,FALSE
11,Entacmaea quadricolor,Entacmaea quadricolor,13477,Entacmaea quadricolor,FALSE
12,Entacmaea quadricolor,Entacmaea quadricolor,13485,Entacmaea quadricolor,FALSE
14,Entacmaea quadricolor,Entacmaea quadricolor,13512,Entacmaea quadricolor,FALSE
16,Entacmaea quadricolor,Entacmaea quadricolor,13442,Entacmaea quadricolor,FALSE
2,Heteractis aurora,Heteractis aurora,13397,Heteractis aurora,FALSE
3,Heteractis aurora,Heteractis aurora,13413,Heteractis aurora,FALSE
8,Heteractis aurora,Heteractis aurora,13456,Heteractis aurora,FALSE
9,Heteractis aurora,Heteractis aurora,13494,Heteractis aurora,FALSE
15,Heteractis aurora,Heteractis aurora,13434,Heteractis aurora,FALSE
2,Heteractis crispa,Heteractis crispa,13398,Heteractis crispa,FALSE
3,Heteractis crispa,Heteractis crispa,13414,Heteractis crispa,FALSE
4,Heteractis crispa,Heteractis crispa,13427,Heteractis crispa,FALSE
5,Heteractis crispa,Heteractis crispa,13464,Heteractis crispa,FALSE
6,Heteractis crispa,Heteractis crispa,13470,Heteractis crispa,FALSE
7,Heteractis crispa,Heteractis crispa,13419,Heteractis crispa,FALSE
8,Heteractis crispa,Heteractis crispa,13457,Heteractis crispa,FALSE
9,Heteractis crispa,Heteractis crispa,13495,Heteractis crispa,FALSE
10,Heteractis crispa,Heteractis crispa,13504,Heteractis crispa,FALSE
11,Heteractis crispa,Heteractis crispa,13478,Heteractis crispa,FALSE
12,Heteractis crispa,Heteractis crispa,13486,Heteractis crispa,FALSE
13,Heteractis crispa,Heteractis crispa,13447,Heteractis crispa,FALSE
14,Heteractis crispa,Heteractis crispa,13513,Heteractis crispa,FALSE
15,Heteractis crispa,Heteractis crispa,13435,Heteractis crispa,FALSE
16,Heteractis crispa,Heteractis crispa,13443,Heteractis crispa,FALSE
1,Heteractis magnifica,Heteractis magnifica,13407,Heteractis magnifica,FALSE
2,Heteractis magnifica,Heteractis magnifica,13401,Heteractis magnifica,FALSE
4,Heteractis magnifica,Heteractis magnifica,13429,Heteractis magnifica,FALSE
6,Heteractis magnifica,Heteractis magnifica,13471,Heteractis magnifica,FALSE
7,Heteractis magnifica,Heteractis magnifica,13421,Heteractis magnifica,FALSE
9,Heteractis magnifica,Heteractis magnifica,13497,Heteractis magnifica,FALSE
10,Heteractis magnifica,Heteractis magnifica,13505,Heteractis magnifica,FALSE
11,Heteractis magnifica,Heteractis magnifica,13480,Heteractis magnifica,FALSE
12,Heteractis magnifica,Heteractis magnifica,13488,Heteractis magnifica,FALSE
13,Heteractis magnifica,Heteractis magnifica,13450,Heteractis magnifica,FALSE
14,Heteractis magnifica,Heteractis magnifica,13515,Heteractis magnifica,FALSE
15,Heteractis magnifica,Heteractis magnifica,13437,Heteractis magnifica,FALSE
2,Heteractis malu,Heteractis malu,13399,Heteractis malu,FALSE
13,Macrodactyla doreensis,Macrodactyla doreensis,13448,Macrodactyla doreensis,FALSE
2,Premnas biaculeatus,Premnas biaculeatus,13403,Premnas biaculeatus,FALSE
5,Premnas biaculeatus,Premnas biaculeatus,13466,Premnas biaculeatus,FALSE
6,Premnas biaculeatus,Premnas biaculeatus,13473,Premnas biaculeatus,FALSE
7,Premnas biaculeatus,Premnas biaculeatus,13423,Premnas biaculeatus,FALSE
8,Premnas biaculeatus,Premnas biaculeatus,13461,Premnas biaculeatus,FALSE
10,Premnas biaculeatus,Premnas biaculeatus,13508,Premnas biaculeatus,FALSE
11,Premnas biaculeatus,Premnas biaculeatus,13482,Premnas biaculeatus,FALSE
12,Premnas biaculeatus,Premnas biaculeatus,13489,Premnas biaculeatus,FALSE
14,Premnas biaculeatus,Premnas biaculeatus,13516,Premnas biaculeatus,FALSE
16,Premnas biaculeatus,Premnas biaculeatus,13444,Premnas biaculeatus,FALSE
6,Stichodactyla haddoni,Stichodactyla haddoni,13472,Stichodactyla haddoni,FALSE
13,Stichodactyla haddoni,Stichodactyla haddoni,13451,Stichodactyla haddoni,FALSE
1,Stichodactyla mertensii,Stichodactyla mertensii,13408,Stichodactyla mertensii,FALSE
2,Stichodactyla mertensii,Stichodactyla mertensii,13400,Stichodactyla mertensii,FALSE
3,Stichodactyla mertensii,Stichodactyla mertensii,13415,Stichodactyla mertensii,FALSE
4,Stichodactyla mertensii,Stichodactyla mertensii,13428,Stichodactyla mertensii,FALSE
5,Stichodactyla mertensii,Stichodactyla mertensii,13465,Stichodactyla mertensii,FALSE
7,Stichodactyla mertensii,Stichodactyla mertensii,13420,Stichodactyla mertensii,FALSE
8,Stichodactyla mertensii,Stichodactyla mertensii,13458,Stichodactyla mertensii,FALSE
9,Stichodactyla mertensii,Stichodactyla mertensii,13496,Stichodactyla mertensii,FALSE
10,Stichodactyla mertensii,Stichodactyla mertensii,13506,Stichodactyla mertensii,FALSE
11,Stichodactyla mertensii,Stichodactyla mertensii,13479,Stichodactyla mertensii,FALSE
12,Stichodactyla mertensii,Stichodactyla mertensii,13487,Stichodactyla mertensii,FALSE
13,Stichodactyla mertensii,Stichodactyla mertensii,13449,Stichodactyla mertensii,FALSE
14,Stichodactyla mertensii,Stichodactyla mertensii,13514,Stichodactyla mertensii,FALSE
15,Stichodactyla mertensii,Stichodactyla mertensii,13436,Stichodactyla mertensii,FALSE